City,Lon,Lat,Max Temp,Humidity,Cloudiness,Wind Speed,Country,Date
hermanus,19.2345,-34.4187,55.8,76,95,24.63,ZA,2021-06-26
tuktoyaktuk,-133.0374,69.4541,44.6,87,90,18.41,CA,2021-06-26
saldanha,17.9442,-33.0117,59.16,78,100,14.32,ZA,2021-06-26
luwuk,122.7875,-0.9516,83.88,69,86,3.49,ID,2021-06-26
piacabucu,-36.4344,-10.4056,75.06,67,100,8.88,BR,2021-06-26
hilo,-155.09,19.7297,89.28,72,75,13.8,US,2021-06-26
half moon bay,-122.4286,37.4636,84.11,76,90,1.01,US,2021-06-26
fortuna,-124.1573,40.5982,62.85,88,90,10.36,US,2021-06-26
ushuaia,-68.3,-54.8,38.86,65,75,23.02,AR,2021-06-26
olafsvik,-23.7142,64.8945,47.77,87,28,24.43,IS,2021-06-26
carutapera,-46.02,-1.195,74.01,94,22,6.24,BR,2021-06-26
albany,-73.9662,42.6001,74.05,62,100,1.01,US,2021-06-26
arraial do cabo,-42.0278,-22.9661,70.97,84,6,20.0,BR,2021-06-26
mar del plata,-57.5575,-38.0023,54.12,69,0,5.99,AR,2021-06-26
busselton,115.3333,-33.65,51.04,71,0,11.59,AU,2021-06-26
riyadh,46.7219,24.6877,82.54,11,5,1.77,SA,2021-06-26
kruisfontein,24.7314,-34.0033,53.89,62,2,7.83,ZA,2021-06-26
kangaatsiaq,-53.4641,68.3065,40.64,85,100,8.72,GL,2021-06-26
hambantota,81.1185,6.1241,79.72,79,44,17.94,LK,2021-06-26
iqaluit,-68.5145,63.7506,40.69,75,100,15.99,CA,2021-06-26
jamestown,-79.2353,42.097,77.02,59,1,7.0,US,2021-06-26
saint-augustin,-58.6502,51.226,53.98,75,67,15.95,CA,2021-06-26
barrow,-156.7887,71.2906,35.62,75,90,18.41,US,2021-06-26
gat,34.7642,31.61,78.4,74,0,2.8,IL,2021-06-26
castro,-50.0119,-24.7911,59.86,88,64,2.57,BR,2021-06-26
mataura,168.8643,-46.1927,52.48,92,53,0.27,NZ,2021-06-26
avarua,-159.775,-21.2078,75.52,82,96,17.87,CK,2021-06-26
bluff,168.3333,-46.6,52.81,88,100,6.78,NZ,2021-06-26
hobart,147.3294,-42.8794,50.05,71,20,1.99,AU,2021-06-26
rikitea,-134.9692,-23.1203,74.61,70,97,3.02,PF,2021-06-26
salalah,54.0924,17.0151,80.69,83,75,2.3,OM,2021-06-26
butaritari,172.7902,3.0707,82.51,74,100,12.8,KI,2021-06-26
moree,149.85,-29.4667,55.42,76,5,4.61,AU,2021-06-26
mocuba,36.9856,-16.8392,61.56,91,0,3.49,MZ,2021-06-26
mount isa,139.5,-20.7333,58.77,51,0,17.27,AU,2021-06-26
bredasdorp,20.0403,-34.5322,55.27,72,4,23.11,ZA,2021-06-26
oranjemund,16.4333,-28.55,57.69,77,18,4.21,NA,2021-06-26
haslev,11.9639,55.3235,61.5,87,100,4.97,DK,2021-06-26
pandan,124.1694,14.0453,86.99,65,73,2.33,PH,2021-06-26
kudahuvadhoo,72.8944,2.6708,82.63,73,83,11.79,MV,2021-06-26
clyde river,-68.5914,70.4692,32.97,97,100,9.26,CA,2021-06-26
erenhot,111.9767,43.6475,73.54,44,27,7.52,CN,2021-06-26
port-cartier,-66.8654,50.0334,56.93,90,100,2.66,CA,2021-06-26
poum,164.0167,-20.2333,75.74,73,95,16.91,NC,2021-06-26
leh,77.5833,34.1667,50.36,53,45,4.07,IN,2021-06-26
vaini,-175.2,-21.2,73.56,83,40,13.8,TO,2021-06-26
yar-sale,70.8333,66.8333,50.2,47,38,7.96,RU,2021-06-26
yuxia,108.6291,34.0615,73.13,86,100,1.48,CN,2021-06-26
pasighat,95.3333,28.0667,78.96,94,74,2.26,IN,2021-06-26
bethel,-73.414,41.3712,70.0,81,1,0.0,US,2021-06-26
luba,8.5547,3.4568,79.66,83,89,7.43,GQ,2021-06-26
ilulissat,-51.1,69.2167,51.82,43,75,10.36,GL,2021-06-26
mahebourg,57.7,-20.4081,70.56,82,80,13.33,MU,2021-06-26
lingyuan,119.4011,41.24,75.52,67,99,12.1,CN,2021-06-26
cape town,18.4232,-33.9258,58.87,82,75,7.0,ZA,2021-06-26
lincoln,-96.667,40.8,84.02,70,20,1.01,US,2021-06-26
quatre cocos,57.7625,-20.2078,69.69,84,74,11.27,MU,2021-06-26
hofn,-15.2082,64.2539,49.6,94,60,20.65,IS,2021-06-26
guerrero negro,-114.0611,27.9769,68.27,76,8,22.68,MX,2021-06-26
manaure,-72.4445,11.7751,81.73,74,99,13.67,CO,2021-06-26
pacific grove,-121.9166,36.6177,81.81,83,75,4.0,US,2021-06-26
uporovo,66.2693,56.3109,61.11,66,55,2.08,RU,2021-06-26
gladstone,151.25,-23.85,67.93,88,75,4.61,AU,2021-06-26
mastung,66.845,29.7994,68.97,9,0,3.02,PK,2021-06-26
saint-philippe,55.7679,-21.3585,69.35,77,12,6.22,RE,2021-06-26
georgetown,100.3354,5.4112,82.89,84,20,0.0,MY,2021-06-26
punta arenas,-70.9167,-53.15,35.71,75,0,14.97,CL,2021-06-26
sitka,-135.33,57.0531,57.09,82,90,9.22,US,2021-06-26
khatanga,102.5,71.9667,46.45,52,100,9.28,RU,2021-06-26
alyangula,136.4192,-13.8483,73.27,83,90,9.22,AU,2021-06-26
fallon,-118.7774,39.4735,94.78,12,40,8.05,US,2021-06-26
chokurdakh,147.9167,70.6333,80.98,24,100,17.31,RU,2021-06-26
havre-saint-pierre,-63.5986,50.2334,56.7,79,100,6.22,CA,2021-06-26
pangnirtung,-65.7125,66.1451,42.82,68,100,4.74,CA,2021-06-26
thompson,-97.8558,55.7435,64.89,62,100,2.39,CA,2021-06-26
toppenish,-120.3087,46.3774,100.26,28,0,5.14,US,2021-06-26
teahupoo,-149.2667,-17.8333,78.53,76,69,15.57,PF,2021-06-26
kirakira,161.9205,-10.4544,80.51,84,100,11.16,SB,2021-06-26
nikolskoye,30.7861,59.7035,68.4,97,100,2.93,RU,2021-06-26
hwange,26.5019,-18.3693,58.01,53,0,2.98,ZW,2021-06-26
atuona,-139.0333,-9.8,79.34,73,23,18.72,PF,2021-06-26
norman wells,-126.8329,65.282,69.39,55,100,8.43,CA,2021-06-26
itarema,-39.9167,-2.9248,76.62,85,14,6.8,BR,2021-06-26
mayo,-76.5119,38.8876,77.23,82,1,7.0,US,2021-06-26
ostrovnoy,39.5131,68.0531,47.7,97,100,10.27,RU,2021-06-26
najran,44.1277,17.4924,78.08,16,100,5.73,SA,2021-06-26
tasiilaq,-37.6368,65.6145,55.56,57,0,11.39,GL,2021-06-26
otjimbingwe,16.1333,-22.35,57.79,40,0,3.22,NA,2021-06-26
katsuura,140.3,35.1333,83.23,72,100,8.08,JP,2021-06-26
parral,-105.6667,26.9333,89.06,18,7,14.79,MX,2021-06-26
pahrump,-115.9839,36.2083,100.06,9,20,3.0,US,2021-06-26
kichera,110.0997,55.9375,72.97,61,2,1.83,RU,2021-06-26
vestmannaeyjar,-20.2734,63.4427,48.87,87,100,15.23,IS,2021-06-26
balkhash,74.9804,46.844,61.32,58,100,9.62,KZ,2021-06-26
vila velha,-40.2925,-20.3297,66.15,94,20,3.44,BR,2021-06-26
kaliua,31.7936,-5.0606,65.62,55,49,2.21,TZ,2021-06-26
mareeba,145.4333,-17.0,76.44,73,100,5.64,AU,2021-06-26
kavaratti,72.642,10.5669,82.45,74,39,16.53,IN,2021-06-26
pisco,-76.2167,-13.7,62.65,82,90,14.97,PE,2021-06-26
antalaha,50.2788,-14.9003,65.39,85,0,6.4,MG,2021-06-26
walvis bay,14.5053,-22.9575,59.63,59,0,12.62,NA,2021-06-26
mbanza-ngungu,14.8667,-5.25,68.61,89,95,10.18,CD,2021-06-26
namibe,12.1522,-15.1961,68.05,63,1,2.48,AO,2021-06-26
kuliyapitiya,80.0401,7.4688,76.91,89,76,6.24,LK,2021-06-26
atar,-13.0499,20.5169,87.44,40,21,11.36,MR,2021-06-26
placido de castro,-67.1856,-10.3353,75.61,57,4,1.66,BR,2021-06-26
ancud,-73.8203,-41.8697,43.03,73,7,4.92,CL,2021-06-26
aklavik,-135.0107,68.2191,65.12,61,98,23.67,CA,2021-06-26
port alfred,26.891,-33.5906,63.45,45,0,24.65,ZA,2021-06-26
birjand,59.2211,32.8663,66.47,38,0,9.86,IR,2021-06-26
teguldet,88.1667,57.3064,51.87,98,100,7.09,RU,2021-06-26
sistranda,8.834,63.7256,49.89,80,100,14.2,NO,2021-06-26
urbano santos,-43.4036,-3.2078,71.94,95,0,3.49,BR,2021-06-26
narsaq,-46.05,60.9167,53.82,74,100,2.01,GL,2021-06-26
warud,78.2667,21.4667,78.78,81,65,7.11,IN,2021-06-26
belmonte,-38.8828,-15.8631,73.9,74,100,7.7,BR,2021-06-26
powell river,-124.5361,49.8496,98.04,56,1,1.41,CA,2021-06-26
dikson,80.5464,73.5069,31.87,92,14,6.38,RU,2021-06-26
ca mau,105.15,9.1769,84.83,68,100,6.67,VN,2021-06-26
ixtapa,-105.2,20.7,83.43,74,75,9.22,MX,2021-06-26
nabire,135.4833,-3.3667,76.48,92,100,3.91,ID,2021-06-26
port lincoln,135.8667,-34.7333,55.87,63,53,15.21,AU,2021-06-26
cabo san lucas,-109.9124,22.8909,92.8,45,1,8.05,MX,2021-06-26
tahta,31.5021,26.7693,84.76,26,0,6.55,EG,2021-06-26
hasaki,140.8333,35.7333,83.17,74,100,7.56,JP,2021-06-26
wuda,106.7117,39.4994,81.52,34,100,1.36,CN,2021-06-26
new norfolk,147.0587,-42.7826,49.71,66,11,5.26,AU,2021-06-26
maxixe,35.3472,-23.8597,65.03,83,0,9.84,MZ,2021-06-26
mondlo,30.7177,-27.983,52.56,43,41,7.83,ZA,2021-06-26
vardo,31.1107,70.3705,46.9,81,10,11.97,NO,2021-06-26
glace bay,-59.957,46.1969,62.58,89,100,5.99,CA,2021-06-26
lewistown,-77.5714,40.5992,76.41,53,1,0.0,US,2021-06-26
upernavik,-56.1549,72.7868,40.78,78,100,12.95,GL,2021-06-26
leningradskiy,178.4167,69.3833,39.31,64,81,16.31,RU,2021-06-26
le port,55.2919,-20.9373,69.76,83,0,7.16,RE,2021-06-26
uvarovka,35.6061,55.5278,61.47,95,29,1.81,RU,2021-06-26
cherskiy,161.3,68.75,65.79,27,7,7.2,RU,2021-06-26
englehart,-79.8664,47.8169,70.36,83,90,9.22,CA,2021-06-26
matay,30.7792,28.419,80.2,48,0,10.29,EG,2021-06-26
qidong,121.6561,31.8128,75.97,87,100,11.23,CN,2021-06-26
flin flon,-101.865,54.7682,63.59,80,100,5.17,CA,2021-06-26
qaanaaq,-69.3632,77.484,39.45,74,77,1.03,GL,2021-06-26
camacha,-16.3333,33.0833,63.82,63,75,12.66,PT,2021-06-26
banda aceh,95.3222,5.5577,81.55,74,36,9.06,ID,2021-06-26
jalu,21.5482,29.0331,85.98,27,0,8.32,LY,2021-06-26
ribeira grande,-28.7,38.5167,67.77,80,98,8.25,PT,2021-06-26
lagoa,-27.9833,39.05,65.98,80,6,8.79,PT,2021-06-26
tuatapere,167.6833,-46.1333,52.83,91,62,1.3,NZ,2021-06-26
liverpool,-2.9779,53.4106,54.77,80,98,5.39,GB,2021-06-26
daniel flores,-83.6694,9.3355,71.24,92,100,0.22,CR,2021-06-26
hithadhoo,73.0833,-0.6,81.86,69,100,9.71,MV,2021-06-26
kodiak,-152.4072,57.79,53.11,71,75,14.97,US,2021-06-26
bankura,87.0667,23.25,83.57,77,74,8.28,IN,2021-06-26
khandyga,135.6,62.6667,78.26,38,95,3.62,RU,2021-06-26
bereda,-7.5406,43.2686,58.14,100,100,4.12,ES,2021-06-26
dicabisagan,122.4157,17.0818,87.53,63,100,4.99,PH,2021-06-26
torbay,-52.7314,47.6666,59.16,100,0,10.11,CA,2021-06-26
nome,-165.4064,64.5011,59.16,67,40,18.41,US,2021-06-26
kaitangata,169.8464,-46.2817,51.21,90,80,1.43,NZ,2021-06-26
provideniya,-173.3,64.3833,43.48,86,100,3.29,RU,2021-06-26
collie,116.15,-33.3667,49.71,61,6,4.38,AU,2021-06-26
olinda,-34.8553,-8.0089,71.33,83,40,8.05,BR,2021-06-26
souillac,57.5167,-20.5167,70.21,83,55,11.45,MU,2021-06-26
puerto ayora,-90.3518,-0.7393,71.55,94,70,8.01,EC,2021-06-26
rio grande,-52.0986,-32.035,51.94,74,48,6.87,BR,2021-06-26
bambous virieux,57.7575,-20.3428,70.27,83,81,12.88,MU,2021-06-26
necochea,-58.7368,-38.5473,45.03,58,100,8.48,AR,2021-06-26
ahipara,173.1667,-35.1667,63.57,81,100,12.21,NZ,2021-06-26
panzhihua,101.7128,26.5851,77.76,81,100,1.01,CN,2021-06-26
ponta do sol,-17.1,32.6667,66.7,72,21,1.86,PT,2021-06-26
batemans bay,150.1833,-35.7167,61.92,48,15,8.9,AU,2021-06-26
ojinaga,-104.4167,29.5667,97.57,38,1,5.75,MX,2021-06-26
capreol,-80.9225,46.706,65.91,93,100,4.94,CA,2021-06-26
cidreira,-50.2056,-30.1811,57.76,75,51,7.36,BR,2021-06-26
coquimbo,-71.3436,-29.9533,56.93,88,75,3.44,CL,2021-06-26
san pedro,121.0167,14.35,86.32,76,20,6.91,PH,2021-06-26
beringovskiy,179.3167,63.05,39.94,87,100,12.41,RU,2021-06-26
bathsheba,-59.5167,13.2167,81.21,69,40,19.57,BB,2021-06-26
sao joao da barra,-41.0511,-21.6403,70.88,83,56,12.68,BR,2021-06-26
kupang,123.5833,-10.1667,81.18,78,75,13.8,ID,2021-06-26
le moule,-61.3473,16.3332,77.04,79,100,17.76,GP,2021-06-26
broome,-75.833,42.2506,72.18,67,1,7.0,US,2021-06-26
westport,-73.3579,41.1415,71.26,87,1,1.01,US,2021-06-26
talnakh,88.3972,69.4865,44.96,62,100,23.13,RU,2021-06-26
mapiripan,-72.1256,2.8892,73.65,93,80,2.66,CO,2021-06-26
faya,42.4509,18.3851,68.52,26,100,3.6,SA,2021-06-26
deputatskiy,139.9,69.3,75.43,28,100,10.02,RU,2021-06-26
marsh harbour,-77.0636,26.5412,81.52,75,10,14.45,BS,2021-06-26
lorengau,147.2712,-2.0226,84.33,71,96,5.53,PG,2021-06-26
tarauaca,-70.7656,-8.1614,78.31,67,94,1.99,BR,2021-06-26
ambilobe,49.05,-13.2,64.09,88,7,3.38,MG,2021-06-26
marzuq,46.4667,14.4,75.69,44,95,5.79,YE,2021-06-26
bahia honda,-83.1592,22.9036,78.55,81,100,6.08,CU,2021-06-26
victoria,114.1577,22.2855,82.38,95,93,4.0,HK,2021-06-26
la tuque,-72.7824,47.4334,61.23,96,100,4.56,CA,2021-06-26
aketi,23.7833,2.7388,71.33,81,30,0.47,CD,2021-06-26
narasannapeta,84.05,18.4167,84.38,68,100,5.1,IN,2021-06-26
lata,-8.3327,40.1629,60.93,64,93,0.85,PT,2021-06-26
muroto,134.15,33.2833,74.28,80,100,6.31,JP,2021-06-26
mattru,-11.8332,7.6244,72.5,99,100,3.65,SL,2021-06-26
denia,0.1057,38.8408,72.79,61,6,6.8,ES,2021-06-26
lebu,-73.65,-37.6167,46.53,73,3,9.62,CL,2021-06-26
inuvik,-133.7218,68.3499,65.16,68,75,12.66,CA,2021-06-26
iberia,-91.7507,29.9502,80.56,89,20,0.0,US,2021-06-26
wakkanai,141.6739,45.4094,61.59,88,100,20.18,JP,2021-06-26
mackay,149.2,-21.15,72.05,82,68,10.63,AU,2021-06-26
bud,-86.1758,39.447,80.69,84,100,13.78,US,2021-06-26
vila franca do campo,-25.4333,37.7167,66.61,94,100,7.52,PT,2021-06-26
daru,143.2092,-9.0763,80.46,74,67,12.84,PG,2021-06-26
rocha,-54.3333,-34.4833,49.1,81,94,4.65,UY,2021-06-26
keti bandar,67.4497,24.1447,82.76,76,28,20.51,PK,2021-06-26
morrope,-80.0111,-6.5417,65.79,78,12,16.11,PE,2021-06-26
luang prabang,102.1347,19.8856,77.4,90,100,1.28,LA,2021-06-26
erzin,36.2,36.9559,74.12,89,4,0.76,TR,2021-06-26
chapais,-74.8492,49.7834,62.24,94,100,10.45,CA,2021-06-26
zhezkazgan,67.7144,47.8043,65.21,42,96,4.05,KZ,2021-06-26
umm kaddadah,26.6876,13.6017,87.24,36,100,8.48,SD,2021-06-26
smolenka,113.4974,52.1352,68.07,68,100,2.24,RU,2021-06-26
kut chap,102.5669,17.4257,81.99,93,93,4.38,TH,2021-06-26
manokwari,134.0833,-0.8667,82.69,68,100,3.83,ID,2021-06-26
kyabe,18.9449,9.4515,77.77,68,31,4.7,TD,2021-06-26
senno,33.9167,59.5336,61.27,85,48,3.85,RU,2021-06-26
bambanglipuro,110.2833,-7.95,66.6,83,13,3.27,ID,2021-06-26
palmerston,130.9833,-12.486,81.93,65,0,12.66,AU,2021-06-26
ishigaki,124.1572,24.3448,82.35,82,79,6.73,JP,2021-06-26
karratha,116.8463,-20.7377,61.57,46,10,21.5,AU,2021-06-26
puerto leguizamo,-74.7819,-0.1934,72.91,95,99,1.92,CO,2021-06-26
cookeville,-85.5016,36.1628,78.51,69,1,4.61,US,2021-06-26
la ronge,-105.2842,55.1001,67.53,56,87,8.32,CA,2021-06-26
mandalgovi,106.2708,45.7625,66.52,55,0,2.55,MN,2021-06-26
yellowknife,-114.3525,62.456,67.86,50,0,11.36,CA,2021-06-26
ribeira brava,-17.0667,32.65,66.7,74,12,1.59,PT,2021-06-26
xucheng,110.1288,20.35,84.49,72,97,6.71,CN,2021-06-26
kapit,112.9333,2.0167,78.69,86,28,2.15,MY,2021-06-26
cayenne,-52.3333,4.9333,81.09,82,19,4.0,GF,2021-06-26
morant bay,-76.4093,17.8815,76.66,82,12,8.01,JM,2021-06-26
hualmay,-77.6139,-11.0964,63.46,81,31,10.63,PE,2021-06-26
los llanos de aridane,-17.9182,28.6585,65.95,64,90,9.22,ES,2021-06-26
vanimo,141.3028,-2.6741,80.35,84,100,3.56,PG,2021-06-26
tromso,18.957,69.6496,46.42,81,75,4.61,NO,2021-06-26
goderich,-81.7165,43.7501,70.03,98,100,17.54,CA,2021-06-26
verkhoyansk,133.385,67.5447,82.31,29,62,7.38,RU,2021-06-26
hay river,-115.7999,60.8156,66.72,53,84,4.14,CA,2021-06-26
sisimiut,-53.6735,66.9395,41.88,90,100,9.86,GL,2021-06-26
samarai,150.6667,-10.6167,81.14,76,66,7.9,PG,2021-06-26
abu samrah,37.1841,35.3029,74.55,54,0,6.04,SY,2021-06-26
east london,27.9116,-33.0153,66.22,38,0,21.16,ZA,2021-06-26
udachnyy,112.4,66.4167,76.32,46,12,7.49,RU,2021-06-26
laguna,-121.4238,38.421,97.92,34,1,5.99,US,2021-06-26
ler,30.1418,8.3018,76.28,60,100,2.42,SS,2021-06-26
yaring,101.3689,6.8662,80.6,73,33,4.25,TH,2021-06-26
auki,160.7034,-8.7676,80.64,81,100,6.62,SB,2021-06-26
bima,118.7167,-8.4667,82.36,77,13,4.34,ID,2021-06-26
ajdabiya,20.2263,30.7554,81.57,39,0,5.68,LY,2021-06-26
maputo,32.5892,-25.9653,66.22,60,1,7.0,MZ,2021-06-26
kavieng,150.7967,-2.5744,84.99,68,34,7.43,PG,2021-06-26
arica,-70.3042,-18.475,61.03,72,90,0.0,CL,2021-06-26
itupiranga,-49.3267,-5.1347,73.72,71,98,1.05,BR,2021-06-26
akure,5.1931,7.2526,71.08,99,48,2.8,NG,2021-06-26
pag,15.0575,44.445,63.18,55,0,8.08,HR,2021-06-26
noshiro,140.0242,40.2039,72.59,56,100,4.41,JP,2021-06-26
mount gambier,140.7667,-37.8333,49.59,79,100,7.07,AU,2021-06-26
banjar,114.9675,-8.19,80.46,75,4,0.16,ID,2021-06-26
esperance,121.9,-33.8667,53.42,65,0,11.27,AU,2021-06-26
straumen,11.2999,63.8709,50.95,90,100,3.18,NO,2021-06-26
praya,-23.5087,14.9215,73.94,83,75,18.41,CV,2021-06-26
lexington,-84.4777,37.9887,79.92,65,1,11.5,US,2021-06-26
tansen,83.5467,27.8673,66.11,91,100,3.27,NP,2021-06-26
emirdag,31.15,39.0197,64.51,80,0,5.91,TR,2021-06-26
mongoumba,18.5936,3.6415,72.16,76,7,0.13,CF,2021-06-26
vanavara,102.2797,60.34,68.41,48,99,4.9,RU,2021-06-26
komsomolskiy,71.7189,40.4272,69.22,30,0,7.34,UZ,2021-06-26
port hedland,118.5667,-20.3167,64.45,36,0,20.71,AU,2021-06-26
xihe,113.4659,31.6864,76.66,84,100,2.77,CN,2021-06-26
obo,26.4869,5.3998,69.39,79,99,2.19,CF,2021-06-26
port elizabeth,25.5701,-33.918,56.1,53,4,12.71,ZA,2021-06-26
grand-santi,-54.3833,4.25,73.6,90,13,2.73,GF,2021-06-26
beira,34.8389,-19.8436,65.03,87,0,6.91,MZ,2021-06-26
alofi,-169.9187,-19.0595,75.18,71,40,25.34,NU,2021-06-26
boden,21.6886,65.8252,57.2,82,100,3.98,SE,2021-06-26
port keats,129.55,-14.25,76.21,53,100,13.02,AU,2021-06-26
chuy,-53.4616,-33.6971,50.68,81,100,4.16,UY,2021-06-26
tabora,32.8,-5.0167,62.22,55,20,3.15,TZ,2021-06-26
yakeshi,120.7333,49.2833,71.31,69,100,0.69,CN,2021-06-26
omsukchan,155.8,62.5333,69.13,33,76,7.78,RU,2021-06-26
along,94.7667,28.1667,77.14,96,86,0.58,IN,2021-06-26
dogondoutchi,4.0287,13.6393,87.78,40,13,5.79,NE,2021-06-26
san quintin,-115.95,30.4833,68.25,73,0,14.67,MX,2021-06-26
noumea,166.4572,-22.2763,78.01,99,68,13.87,NC,2021-06-26
kapaa,-159.319,22.0752,84.52,74,20,1.99,US,2021-06-26
saint george,-113.5841,37.1041,97.39,13,1,1.99,US,2021-06-26
asau,26.4,46.4333,72.52,100,100,5.08,RO,2021-06-26
zonguldak,31.8333,41.25,61.25,95,6,5.7,TR,2021-06-26
longyearbyen,15.6401,78.2186,37.24,87,75,2.3,SJ,2021-06-26
kondinskoye,67.41,59.6481,54.88,67,100,4.34,RU,2021-06-26
dalbandin,64.4101,28.8947,79.7,15,0,8.79,PK,2021-06-26
bose,8.0137,45.4612,64.2,81,5,4.9,IT,2021-06-26
labuhan,112.2051,-6.8844,80.78,82,11,7.14,ID,2021-06-26
odessa,30.7326,46.4775,73.33,94,0,8.95,UA,2021-06-26
airai,125.4092,-8.9266,68.14,73,30,3.51,TL,2021-06-26
qaqortoq,-46.0333,60.7167,54.1,77,91,5.46,GL,2021-06-26
luderitz,15.1594,-26.6481,56.68,76,16,9.55,NA,2021-06-26
constitucion,-72.4167,-35.3333,48.13,79,1,10.13,CL,2021-06-26
akdepe,59.3788,42.0551,69.8,16,0,7.09,TM,2021-06-26
tiksi,128.8694,71.6872,46.36,75,100,10.8,RU,2021-06-26
lompoc,-120.4579,34.6391,82.56,74,1,7.0,US,2021-06-26
hami,93.45,42.8,78.35,24,0,4.47,CN,2021-06-26
belvedere marittimo,15.8617,39.6179,78.67,51,1,4.92,IT,2021-06-26
caldwell,-116.6874,43.6629,96.15,27,1,12.66,US,2021-06-26
coahuayana,-103.6833,18.7333,83.68,76,100,0.96,MX,2021-06-26
horsham,-0.3272,51.064,57.72,76,75,3.44,GB,2021-06-26
agirish,63.0231,61.9247,52.14,93,100,7.81,RU,2021-06-26
muyezerskiy,31.65,63.9333,61.56,77,100,4.16,RU,2021-06-26
vitim,112.5578,59.4511,74.64,59,8,1.34,RU,2021-06-26
buchanan,-10.0467,5.8808,74.66,94,100,9.98,LR,2021-06-26
avera,-82.5271,33.194,80.47,46,0,2.17,US,2021-06-26
kutum,24.6667,14.2,78.66,19,100,2.3,SD,2021-06-26
touros,-35.4608,-5.1989,76.1,76,84,17.47,BR,2021-06-26
puerto escondido,-97.0667,15.85,83.23,61,90,0.0,MX,2021-06-26
alekseyevsk,108.3492,57.8406,73.38,48,11,3.71,RU,2021-06-26
sazava,14.8967,49.8716,60.84,95,25,3.0,CZ,2021-06-26
long beach,-118.1892,33.767,93.18,69,1,10.0,US,2021-06-26
yeppoon,150.7333,-23.1333,65.98,90,100,7.05,AU,2021-06-26
saint-joseph,55.6167,-21.3667,68.36,74,4,3.74,RE,2021-06-26
naze,129.4833,28.3667,77.9,85,99,12.19,JP,2021-06-26
ardmore,-97.1436,34.1743,89.55,58,1,11.99,US,2021-06-26
russell,-85.1999,32.3502,79.83,78,1,0.0,US,2021-06-26
tirthahalli,75.2333,13.7,69.01,94,96,4.81,IN,2021-06-26
zhanaozen,52.8,43.3,85.91,23,0,10.4,KZ,2021-06-26
santa cruz,-63.1667,-17.8,69.26,94,96,14.97,BO,2021-06-26
qarchi gak,66.7889,37.04,69.89,19,0,13.27,AF,2021-06-26
tall kayf,41.0667,37.0833,82.11,23,0,7.02,TR,2021-06-26
buraydah,43.975,26.326,86.79,11,10,6.49,SA,2021-06-26
bandarbeyla,50.8122,9.4942,77.67,73,83,27.69,SO,2021-06-26
bobo dioulasso,-4.2979,11.1771,73.44,65,100,3.62,BF,2021-06-26
nosy varika,48.5333,-20.5833,62.92,90,16,4.36,MG,2021-06-26
santa comba,-8.8093,43.0331,59.79,97,58,4.09,ES,2021-06-26
mehamn,27.8492,71.0357,46.36,90,90,19.48,NO,2021-06-26
yulara,130.9889,-25.2406,51.64,50,0,11.5,AU,2021-06-26
talara,-81.2719,-4.5772,65.89,89,32,19.26,PE,2021-06-26
mananjary,48.3333,-21.2167,63.46,89,5,4.81,MG,2021-06-26
chamalieres,3.0631,45.7756,52.52,87,20,0.0,FR,2021-06-26
zhigansk,123.3711,66.7697,68.7,62,38,13.31,RU,2021-06-26
vinh,105.6667,18.6667,84.0,72,100,3.49,VN,2021-06-26
stornoway,-6.3865,58.2093,44.56,93,19,3.44,GB,2021-06-26
belaya gora,146.4167,68.5333,81.36,22,69,9.93,RU,2021-06-26
lasa,10.7002,46.6166,55.02,90,11,1.41,IT,2021-06-26
saryg-sep,95.6,51.5,51.26,90,100,1.01,RU,2021-06-26
surgut,73.4167,61.25,55.58,82,0,6.71,RU,2021-06-26
gushikawa,127.8686,26.3544,83.79,86,20,12.66,JP,2021-06-26
kaohsiung,120.3133,22.6163,82.35,87,75,1.99,TW,2021-06-26
carnarvon,113.6333,-24.8667,60.87,42,91,12.66,AU,2021-06-26
katangli,143.2326,51.7102,48.78,76,47,9.15,RU,2021-06-26
buluang,123.3425,13.3068,87.04,64,99,2.84,PH,2021-06-26
ahuimanu,-157.8378,21.4447,83.91,60,20,9.22,US,2021-06-26
aswan,32.907,24.0934,86.11,26,0,11.25,EG,2021-06-26
severo-kurilsk,156.125,50.6789,43.95,97,100,7.76,RU,2021-06-26
tura,90.2201,25.5198,77.52,88,32,5.5,IN,2021-06-26
gravdal,13.5031,68.1214,47.84,65,99,3.94,NO,2021-06-26
pontianak,109.3333,-0.0333,78.78,94,20,3.44,ID,2021-06-26
subirana,-87.45,15.2,72.84,94,100,2.28,HN,2021-06-26
randazzo,14.9501,37.8774,77.88,31,28,4.12,IT,2021-06-26
margate,1.3862,51.3813,58.91,89,73,1.99,GB,2021-06-26
jutai,-68.9,-5.1833,72.72,94,66,1.74,BR,2021-06-26
kamenka,42.7678,51.3223,71.22,75,13,6.31,RU,2021-06-26
rayon,-99.5836,19.1444,57.92,91,100,5.46,MX,2021-06-26
xining,101.7667,36.6167,62.73,70,93,2.39,CN,2021-06-26
san patricio,-97.5169,28.017,86.72,73,11,15.82,US,2021-06-26
tukan,57.4552,53.8409,61.12,95,72,1.72,RU,2021-06-26
bilibino,166.4372,68.0546,65.71,37,9,0.51,RU,2021-06-26
dingle,122.6711,10.9995,84.61,73,62,2.26,PH,2021-06-26
kungurtug,97.5228,50.5994,51.93,86,100,3.11,RU,2021-06-26
pochutla,-96.4661,15.7432,81.45,90,100,3.44,MX,2021-06-26
palmas,-48.3603,-10.2128,75.07,78,0,5.75,BR,2021-06-26
belebey,54.1167,54.1167,68.25,92,88,4.85,RU,2021-06-26
nanortalik,-45.2371,60.1432,45.55,82,9,7.2,GL,2021-06-26
marawi,124.2928,7.9986,77.65,67,46,0.65,PH,2021-06-26
axim,-2.2405,4.8699,75.72,91,93,6.13,GH,2021-06-26
kieta,155.6333,-6.2167,84.9,67,9,4.74,PG,2021-06-26
biak,122.8766,-0.9131,81.43,70,76,3.62,ID,2021-06-26
hailey,-114.3153,43.5196,75.9,42,75,8.05,US,2021-06-26
naregal,75.8167,15.5833,71.85,84,79,12.46,IN,2021-06-26
gibsons,-123.5027,49.3997,92.73,58,0,1.03,CA,2021-06-26
sorland,12.6934,67.667,48.04,66,99,3.56,NO,2021-06-26
sneek,5.6589,53.033,61.92,92,99,5.01,NL,2021-06-26
damphu,90.1096,27.0721,73.29,90,66,0.43,BT,2021-06-26
otjiwarongo,16.6477,-20.4637,47.62,58,5,1.92,NA,2021-06-26
morondava,44.2833,-20.2833,63.28,72,0,7.61,MG,2021-06-26
arcata,-124.0828,40.8665,63.12,79,90,4.0,US,2021-06-26
tautira,-149.15,-17.7333,84.0,75,99,14.23,PF,2021-06-26
maltahohe,16.9833,-24.8333,47.35,32,6,2.66,NA,2021-06-26
pozo colorado,-58.7972,-23.4923,63.18,86,83,2.8,PY,2021-06-26
chico,-121.8375,39.7285,99.1,29,40,8.05,US,2021-06-26
godda,87.2167,24.8333,85.37,71,63,6.91,IN,2021-06-26
kemijarvi,27.4306,66.7131,52.25,94,98,4.79,FI,2021-06-26
boende,20.8667,-0.2167,73.69,75,1,1.01,CD,2021-06-26
shubarkuduk,56.4872,49.1447,74.26,56,5,6.87,KZ,2021-06-26
haines junction,-137.5108,60.7522,59.36,62,100,8.21,CA,2021-06-26
barpali,83.5833,21.2,81.27,76,100,4.76,IN,2021-06-26
cabedelo,-34.8339,-6.9811,72.27,83,51,15.61,BR,2021-06-26
graciano sanchez,-99.2833,23.9167,87.39,52,10,9.66,MX,2021-06-26
harper,-7.7169,4.375,75.74,88,100,4.29,LR,2021-06-26
cotonou,2.4183,6.3654,79.03,85,100,7.61,BJ,2021-06-26
matata,176.75,-37.8833,65.12,74,99,9.6,NZ,2021-06-26
meulaboh,96.1285,4.1363,76.69,83,86,4.0,ID,2021-06-26
oyek,104.4556,52.5861,62.98,63,90,8.72,RU,2021-06-26
vilhena,-60.1458,-12.7406,73.0,52,61,2.62,BR,2021-06-26
ternate,127.4,0.8,82.09,76,37,1.7,ID,2021-06-26
cherrapunji,91.7,25.3,64.67,92,58,1.77,IN,2021-06-26
grindavik,-22.4338,63.8424,46.87,93,90,25.32,IS,2021-06-26
bengkulu,102.2655,-3.8004,78.44,79,93,3.74,ID,2021-06-26
sidi ali,0.4206,36.0998,69.37,76,82,0.51,DZ,2021-06-26
sinnamary,-52.95,5.3833,77.88,85,24,9.66,GF,2021-06-26
yarkovo,67.0786,57.4028,58.48,70,24,2.57,RU,2021-06-26
maromitsa,48.0123,59.8683,62.33,98,32,5.17,RU,2021-06-26
bilma,12.9164,18.6853,91.26,13,10,7.36,NE,2021-06-26
san felipe,-68.7425,10.3399,72.97,98,100,1.95,VE,2021-06-26
tianpeng,103.9393,30.9866,71.6,88,100,1.63,CN,2021-06-26
ostersund,14.6357,63.1792,52.25,82,90,4.61,SE,2021-06-26
kontagora,5.4695,10.3999,72.36,87,99,3.47,NG,2021-06-26
strezhevoy,77.5889,60.7333,57.18,61,33,4.9,RU,2021-06-26
tessalit,1.0114,20.1986,88.74,27,5,5.66,ML,2021-06-26
bowen,148.2333,-20.0167,76.46,61,76,4.07,AU,2021-06-26
totness,-56.3167,5.8833,77.32,88,94,9.53,SR,2021-06-26
sal rei,-22.9167,16.1833,73.96,86,100,11.88,CV,2021-06-26
sokolo,-6.1219,14.7328,87.96,43,97,3.65,ML,2021-06-26
saskylakh,114.0833,71.9167,43.29,76,100,9.91,RU,2021-06-26
green river,-109.4662,41.5286,63.0,53,100,1.54,US,2021-06-26
demba,22.2667,-5.51,67.21,57,4,1.77,CD,2021-06-26
albury,146.9167,-36.0833,52.02,94,90,6.91,AU,2021-06-26
paraopeba,-44.4033,-19.2757,65.55,64,40,4.07,BR,2021-06-26
kingman,-114.053,35.1894,98.19,12,1,11.54,US,2021-06-26
dukat,155.55,62.55,66.74,32,93,8.3,RU,2021-06-26
kununurra,128.7333,-15.7667,75.18,33,93,12.66,AU,2021-06-26
angoram,144.0661,-4.0625,84.45,70,95,2.68,PG,2021-06-26
hobyo,48.5268,5.3505,76.68,80,100,22.64,SO,2021-06-26
sabzevar,57.6819,36.2126,73.81,25,0,11.12,IR,2021-06-26
novi sanzhary,34.3108,49.3439,71.64,83,31,5.91,UA,2021-06-26
tobe,132.7901,33.7447,72.48,84,100,1.97,JP,2021-06-26
verkhnyaya inta,60.3094,65.9811,57.36,82,46,9.1,RU,2021-06-26
perehonivka,30.5192,48.5355,69.64,82,100,8.61,UA,2021-06-26
la paz,-68.15,-16.5,40.98,60,12,5.75,BO,2021-06-26
nara,135.8049,34.6851,78.49,64,100,0.36,JP,2021-06-26
toumodi,-5.0158,6.5613,73.45,98,100,1.36,CI,2021-06-26
cangzhou,116.8667,38.3167,86.0,50,0,13.18,CN,2021-06-26
krasnoye,24.6134,49.9145,61.95,95,99,2.57,UA,2021-06-26
bara,10.7288,10.3744,75.65,76,100,5.59,NG,2021-06-26
rundu,19.7667,-17.9333,52.32,47,0,4.7,NA,2021-06-26
etawah,79.0239,26.7769,89.64,49,10,5.59,IN,2021-06-26
chippewa falls,-91.3929,44.9369,79.57,71,1,5.75,US,2021-06-26
honiara,159.95,-9.4333,81.16,81,100,9.69,SB,2021-06-26
alice springs,133.8833,-23.7,53.15,50,0,13.8,AU,2021-06-26
ardrishaig,-5.4481,56.0157,52.21,82,97,2.93,GB,2021-06-26
kinsale,-8.5306,51.7075,51.24,81,75,10.36,IE,2021-06-26
yuzhnyy,83.6936,53.2542,53.98,76,0,6.71,RU,2021-06-26
maunabo,-65.8993,18.0072,80.89,86,100,10.4,PR,2021-06-26
cururupu,-44.8683,-1.8283,71.22,98,35,2.68,BR,2021-06-26
dwarka,68.9678,22.2394,83.16,72,92,20.69,IN,2021-06-26
akyab,92.9,20.15,80.35,87,57,11.1,MM,2021-06-26
baie-comeau,-68.1489,49.2168,58.82,81,100,1.63,CA,2021-06-26
salme,85.0942,28.0369,64.69,91,100,1.12,NP,2021-06-26
singaraja,115.0882,-8.112,82.27,73,5,0.13,ID,2021-06-26
rovaniemi,25.7167,66.5,54.81,82,100,6.91,FI,2021-06-26
superior,-92.1041,46.7208,76.68,65,1,6.91,US,2021-06-26
ambato,-78.6168,-1.2491,51.44,96,38,3.2,EC,2021-06-26
petatlan,-101.2667,17.5167,78.6,74,100,7.7,MX,2021-06-26
san jose,-121.895,37.3394,84.69,56,20,3.0,US,2021-06-26
redmond,-122.1215,47.674,90.86,49,0,1.99,US,2021-06-26
berlevag,29.0864,70.8578,46.53,86,38,18.34,NO,2021-06-26
solnechnyy,136.6319,50.7214,58.15,98,100,2.26,RU,2021-06-26
deneysville,28.0971,-26.8908,47.48,53,0,8.41,ZA,2021-06-26
moctezuma,-109.6667,29.8,102.42,17,0,15.14,MX,2021-06-26
aykhal,111.5,66.0,72.46,54,5,6.26,RU,2021-06-26
kumta,74.4,14.4167,77.85,86,77,6.06,IN,2021-06-26
klaksvik,-6.589,62.2266,49.12,83,96,12.26,FO,2021-06-26
tiznit,-9.5,29.5833,65.12,70,0,0.09,MA,2021-06-26
lensk,114.9278,60.7253,73.35,62,80,5.75,RU,2021-06-26
high level,-117.136,58.5169,84.81,30,5,8.19,CA,2021-06-26
vao,167.4833,-22.6667,72.19,70,0,22.97,NC,2021-06-26
apatou,-54.3472,5.155,72.75,99,28,2.89,GF,2021-06-26
jaguarari,-40.1958,-10.2639,61.36,86,5,5.39,BR,2021-06-26
faanui,-151.75,-16.4833,81.25,76,8,16.2,PF,2021-06-26
tomatlan,-105.25,19.9333,81.86,74,73,7.18,MX,2021-06-26
raudeberg,5.1352,61.9875,54.27,92,44,17.36,NO,2021-06-26
saint-pierre,55.4781,-21.3393,69.44,72,0,5.75,RE,2021-06-26
desbiens,-71.9495,48.4178,62.73,88,100,9.73,CA,2021-06-26
belyy yar,91.3903,53.6039,57.09,72,0,6.71,RU,2021-06-26
preobrazheniye,133.9064,42.9019,69.48,64,1,11.16,RU,2021-06-26
padang,100.3543,-0.9492,73.45,87,100,1.88,ID,2021-06-26
erie,-78.6664,42.7667,78.22,68,100,1.01,US,2021-06-26
luorong,109.6086,24.4058,82.67,81,100,7.07,CN,2021-06-26
saurimo,20.3916,-9.6608,59.63,52,5,4.65,AO,2021-06-26
kropotkin,40.5756,45.4375,69.76,91,98,6.62,RU,2021-06-26
chake chake,39.7666,-5.2459,72.03,76,94,8.68,TZ,2021-06-26
namtsy,129.6658,62.7161,75.31,36,97,7.58,RU,2021-06-26
freetown,-13.2299,8.484,75.34,91,100,10.38,SL,2021-06-26
maldonado,-54.9167,-34.6667,52.23,83,91,4.92,UY,2021-06-26
panaba,-88.2667,21.2833,74.34,91,100,8.3,MX,2021-06-26
astana,71.446,51.1801,42.75,93,0,2.24,KZ,2021-06-26
gamba,10.0,-2.65,72.27,91,59,6.26,GA,2021-06-26
pevek,170.3133,69.7008,35.28,76,97,4.23,RU,2021-06-26
abalak,68.5944,58.1286,54.48,79,11,3.33,RU,2021-06-26
penzance,-5.5371,50.1186,54.61,89,100,12.5,GB,2021-06-26
markivka,39.5705,49.5229,71.55,63,88,10.69,UA,2021-06-26
rosario do sul,-54.9142,-30.2583,51.33,88,100,7.83,BR,2021-06-26
griffith,-87.4237,41.5284,78.01,87,40,1.01,US,2021-06-26
okhotsk,143.3,59.3833,64.06,59,100,6.4,RU,2021-06-26
port moresby,147.1797,-9.4431,81.16,75,75,6.71,PG,2021-06-26
sterling,-77.4286,39.0062,76.26,71,40,1.01,US,2021-06-26
sungaipenuh,101.3833,-2.0833,68.18,93,84,0.63,ID,2021-06-26
huejuquilla el alto,-103.8667,22.6,74.98,49,66,8.7,MX,2021-06-26
san marcos,-117.1661,33.1434,90.88,62,1,1.01,US,2021-06-26
dolinsk,142.8,47.35,49.51,98,100,8.43,RU,2021-06-26
tyukalinsk,72.1967,55.8732,52.54,81,0,5.1,RU,2021-06-26
lamar,-95.5836,33.6668,89.26,65,0,11.07,US,2021-06-26
geraldton,114.6,-28.7667,48.61,76,100,17.27,AU,2021-06-26
miraflores,-98.8083,19.2167,61.03,87,99,5.35,MX,2021-06-26
kyzyl-suu,78.0056,42.3414,53.69,73,13,0.54,KG,2021-06-26
bogorodskoye,37.8833,56.55,64.6,91,24,2.73,RU,2021-06-26
monte santo de minas,-46.9803,-21.1897,66.51,54,95,3.04,BR,2021-06-26
darhan,105.9228,49.4867,70.75,60,1,5.14,MN,2021-06-26
muros,-9.0603,42.7762,67.23,79,13,6.91,ES,2021-06-26
asfi,-9.2372,32.2994,66.27,91,0,1.03,MA,2021-06-26
husavik,-17.3389,66.0449,53.08,69,0,17.63,IS,2021-06-26
mugur-aksy,90.5,50.35,43.43,67,100,2.19,RU,2021-06-26
lockhart,-81.4426,28.6194,76.71,79,99,1.01,US,2021-06-26
yamada,141.95,39.4667,73.54,73,100,3.0,JP,2021-06-26
jember,113.7032,-8.166,79.7,82,40,1.68,ID,2021-06-26
shimoda,138.95,34.6667,75.92,72,100,7.14,JP,2021-06-26
rudnichnyy,52.4703,59.617,63.9,92,41,4.68,RU,2021-06-26
hillsboro,-122.9898,45.5229,97.74,40,1,0.0,US,2021-06-26
rawson,-65.1023,-43.3002,42.64,52,1,11.52,AR,2021-06-26
sayyan,44.3244,15.1718,60.53,22,10,1.12,YE,2021-06-26
izhma,53.9113,65.0083,56.41,53,100,4.81,RU,2021-06-26
kalmunai,81.8167,7.4167,79.5,75,95,3.49,LK,2021-06-26
beyneu,55.2,45.3167,85.44,30,20,6.24,KZ,2021-06-26
kheralu,72.6167,23.8833,81.52,70,34,10.38,IN,2021-06-26
chumikan,135.315,54.7183,41.61,98,100,4.74,RU,2021-06-26
turukhansk,87.9833,65.8167,47.28,61,100,14.7,RU,2021-06-26
puerto carreno,-67.4859,6.189,79.2,74,100,0.36,CO,2021-06-26
elko,-115.5012,41.0002,84.22,19,86,18.01,US,2021-06-26
mecca,39.8261,21.4267,90.27,31,100,3.04,SA,2021-06-26
emba,58.1442,48.8264,74.98,53,0,5.5,KZ,2021-06-26
cacheu,-16.1658,12.2706,79.03,84,99,5.37,GW,2021-06-26
caramay,119.236,10.1815,85.35,68,21,4.74,PH,2021-06-26
fazalpur,75.0667,32.1833,73.15,31,100,0.72,PK,2021-06-26
solnechnogorsk,36.9833,56.1833,69.64,95,96,3.2,RU,2021-06-26
fort nelson,-122.7002,58.8053,86.63,30,11,12.08,CA,2021-06-26
paita,-81.1144,-5.0892,66.87,82,11,17.96,PE,2021-06-26
cap malheureux,57.6142,-19.9842,71.87,78,66,12.12,MU,2021-06-26
gemena,19.7667,3.25,71.24,74,6,0.83,CD,2021-06-26
safaga,33.9365,26.7292,85.41,39,0,6.46,EG,2021-06-26
kenai,-151.2583,60.5544,56.08,77,90,8.05,US,2021-06-26
borogontsy,131.1683,62.6683,81.84,34,52,6.82,RU,2021-06-26
acapulco,-99.8901,16.8634,75.02,94,90,5.75,MX,2021-06-26
snina,22.151,48.9886,68.36,87,100,4.23,SK,2021-06-26
caraquet,-64.9386,47.7941,63.21,83,100,14.58,CA,2021-06-26
havelock,-76.9013,34.8791,78.94,93,90,11.99,US,2021-06-26
srednekolymsk,153.6833,67.45,77.95,25,46,9.13,RU,2021-06-26
mahibadhoo,72.9667,3.7833,82.98,72,100,13.38,MV,2021-06-26
sault sainte marie,-84.3333,46.5168,66.49,82,90,3.44,CA,2021-06-26
sokoto,5.239,13.0609,84.09,50,5,7.16,NG,2021-06-26
port hueneme,-119.1951,34.1478,94.19,69,1,13.8,US,2021-06-26
kahului,-156.47,20.8947,87.82,58,40,14.97,US,2021-06-26
beloha,45.05,-25.1667,60.4,92,0,5.01,MG,2021-06-26
